thread_num,extime,ycsb_tuple_num,ycsb_max_ope,ycsb_rratio,ycsb_rmw,skew,protocol,tps,abort_rate
16,10,1000000,5,50,0,0,Silo,3844100,0.0001
16,10,1000000,5,50,0,0,2PL-NoWait,4119136,0.0002
16,10,1000000,5,50,0,0,D2PL,3783171,0.0000
16,10,1000000,5,50,0,0.2,Silo,3912296,0.0001
16,10,1000000,5,50,0,0.2,2PL-NoWait,4167865,0.0002
16,10,1000000,5,50,0,0.2,D2PL,3766896,0.0000
16,10,1000000,5,50,0,0.6,Silo,3799866,0.0009
16,10,1000000,5,50,0,0.6,2PL-NoWait,3699962,0.0017
16,10,1000000,5,50,0,0.6,D2PL,3466427,0.0000
16,10,1000000,5,50,0,0.8,Silo,1722522,0.0121
16,10,1000000,5,50,0,0.8,2PL-NoWait,1444935,0.0200
16,10,1000000,5,50,0,0.8,D2PL,3991121,0.0000
16,10,1000000,5,50,0,0.9,Silo,991718,0.0322
16,10,1000000,5,50,0,0.9,2PL-NoWait,839783,0.0721
16,10,1000000,5,50,0,0.9,D2PL,2539355,0.0000
16,10,1000000,5,50,0,0.95,Silo,830137,0.0551
16,10,1000000,5,50,0,0.95,2PL-NoWait,698645,0.1541
16,10,1000000,5,50,0,0.95,D2PL,1802658,0.0000
16,10,1000000,5,50,0,0.99,Silo,746237,0.0886
16,10,1000000,5,50,0,0.99,2PL-NoWait,608935,0.2300
16,10,1000000,5,50,0,0.99,D2PL,1443316,0.0000
16,10,1000000,5,95,0,0,Silo,4537564,0.0000
16,10,1000000,5,95,0,0,2PL-NoWait,4546952,0.0000
16,10,1000000,5,95,0,0,D2PL,4347858,0.0000
16,10,1000000,5,95,0,0.2,Silo,4557667,0.0000
16,10,1000000,5,95,0,0.2,2PL-NoWait,4589102,0.0000
16,10,1000000,5,95,0,0.2,D2PL,4379942,0.0000
16,10,1000000,5,95,0,0.6,Silo,5013978,0.0001
16,10,1000000,5,95,0,0.6,2PL-NoWait,4871376,0.0002
16,10,1000000,5,95,0,0.6,D2PL,4747995,0.0000
16,10,1000000,5,95,0,0.8,Silo,4315114,0.0022
16,10,1000000,5,95,0,0.8,2PL-NoWait,3333171,0.0047
16,10,1000000,5,95,0,0.8,D2PL,5207750,0.0000
16,10,1000000,5,95,0,0.9,Silo,2961808,0.0063
16,10,1000000,5,95,0,0.9,2PL-NoWait,1993711,0.0131
16,10,1000000,5,95,0,0.9,D2PL,5119499,0.0000
16,10,1000000,5,95,0,0.95,Silo,2392168,0.0095
16,10,1000000,5,95,0,0.95,2PL-NoWait,1569049,0.0202
16,10,1000000,5,95,0,0.95,D2PL,4566072,0.0000
16,10,1000000,5,95,0,0.99,Silo,2028497,0.0123
16,10,1000000,5,95,0,0.99,2PL-NoWait,1334835,0.0282
16,10,1000000,5,95,0,0.99,D2PL,3643693,0.0000
16,10,1000000,10,50,0,0,Silo,1863398,0.0003
16,10,1000000,10,50,0,0,2PL-NoWait,1980008,0.0006
16,10,1000000,10,50,0,0,D2PL,1807202,0.0000
16,10,1000000,10,50,0,0.2,Silo,1867376,0.0004
16,10,1000000,10,50,0,0.2,2PL-NoWait,1994492,0.0007
16,10,1000000,10,50,0,0.2,D2PL,1827434,0.0000
16,10,1000000,10,50,0,0.6,Silo,1638371,0.0038
16,10,1000000,10,50,0,0.6,2PL-NoWait,1611658,0.0066
16,10,1000000,10,50,0,0.6,D2PL,1919523,0.0000
16,10,1000000,10,50,0,0.8,Silo,609863,0.0395
16,10,1000000,10,50,0,0.8,2PL-NoWait,521636,0.0717
16,10,1000000,10,50,0,0.8,D2PL,1394737,0.0000
16,10,1000000,10,50,0,0.9,Silo,377312,0.1128
16,10,1000000,10,50,0,0.9,2PL-NoWait,315040,0.2787
16,10,1000000,10,50,0,0.9,D2PL,652745,0.0000
16,10,1000000,10,50,0,0.95,Silo,331969,0.1969
16,10,1000000,10,50,0,0.95,2PL-NoWait,267426,0.3923
16,10,1000000,10,50,0,0.95,D2PL,489025,0.0000
16,10,1000000,10,50,0,0.99,Silo,299316,0.2635
16,10,1000000,10,50,0,0.99,2PL-NoWait,249204,0.3945
16,10,1000000,10,50,0,0.99,D2PL,396156,0.0000
16,10,1000000,10,95,0,0,Silo,2167269,0.0000
16,10,1000000,10,95,0,0,2PL-NoWait,2131304,0.0001
16,10,1000000,10,95,0,0,D2PL,2074712,0.0000
16,10,1000000,10,95,0,0.2,Silo,2181670,0.0000
16,10,1000000,10,95,0,0.2,2PL-NoWait,2117544,0.0001
16,10,1000000,10,95,0,0.2,D2PL,2068209,0.0000
16,10,1000000,10,95,0,0.6,Silo,2389990,0.0004
16,10,1000000,10,95,0,0.6,2PL-NoWait,2232754,0.0011
16,10,1000000,10,95,0,0.6,D2PL,2214324,0.0000
16,10,1000000,10,95,0,0.8,Silo,1691679,0.0079
16,10,1000000,10,95,0,0.8,2PL-NoWait,1257592,0.0174
16,10,1000000,10,95,0,0.8,D2PL,2385651,0.0000
16,10,1000000,10,95,0,0.9,Silo,1068481,0.0210
16,10,1000000,10,95,0,0.9,2PL-NoWait,718594,0.0466
16,10,1000000,10,95,0,0.9,D2PL,1938539,0.0000
16,10,1000000,10,95,0,0.95,Silo,867165,0.0304
16,10,1000000,10,95,0,0.95,2PL-NoWait,580250,0.0740
16,10,1000000,10,95,0,0.95,D2PL,1468021,0.0000
16,10,1000000,10,95,0,0.99,Silo,694192,0.0404
16,10,1000000,10,95,0,0.99,2PL-NoWait,495865,0.0998
16,10,1000000,10,95,0,0.99,D2PL,1180135,0.0000
16,10,1000000,15,50,0,0,Silo,1189958,0.0008
16,10,1000000,15,50,0,0,2PL-NoWait,1259639,0.0015
16,10,1000000,15,50,0,0,D2PL,1149870,0.0000
16,10,1000000,15,50,0,0.2,Silo,1194895,0.0008
16,10,1000000,15,50,0,0.2,2PL-NoWait,1265839,0.0016
16,10,1000000,15,50,0,0.2,D2PL,1157003,0.0000
16,10,1000000,15,50,0,0.6,Silo,980131,0.0082
16,10,1000000,15,50,0,0.6,2PL-NoWait,942027,0.0149
16,10,1000000,15,50,0,0.6,D2PL,1203730,0.0000
16,10,1000000,15,50,0,0.8,Silo,334210,0.0773
16,10,1000000,15,50,0,0.8,2PL-NoWait,283112,0.1794
16,10,1000000,15,50,0,0.8,D2PL,612028,0.0000
16,10,1000000,15,50,0,0.9,Silo,217856,0.2189
16,10,1000000,15,50,0,0.9,2PL-NoWait,172264,0.4322
16,10,1000000,15,50,0,0.9,D2PL,284187,0.0000
16,10,1000000,15,50,0,0.95,Silo,192147,0.3337
16,10,1000000,15,50,0,0.95,2PL-NoWait,150496,0.4416
16,10,1000000,15,50,0,0.95,D2PL,214845,0.0000
16,10,1000000,15,50,0,0.99,Silo,172821,0.3976
16,10,1000000,15,50,0,0.99,2PL-NoWait,144520,0.3866
16,10,1000000,15,50,0,0.99,D2PL,197899,0.0000
16,10,1000000,15,95,0,0,Silo,1427616,0.0001
16,10,1000000,15,95,0,0,2PL-NoWait,1398533,0.0002
16,10,1000000,15,95,0,0,D2PL,1337123,0.0000
16,10,1000000,15,95,0,0.2,Silo,1435491,0.0001
16,10,1000000,15,95,0,0.2,2PL-NoWait,1412151,0.0002
16,10,1000000,15,95,0,0.2,D2PL,1339390,0.0000
16,10,1000000,15,95,0,0.6,Silo,1539348,0.0010
16,10,1000000,15,95,0,0.6,2PL-NoWait,1430740,0.0025
16,10,1000000,15,95,0,0.6,D2PL,1435874,0.0000
16,10,1000000,15,95,0,0.8,Silo,986997,0.0162
16,10,1000000,15,95,0,0.8,2PL-NoWait,697910,0.0393
16,10,1000000,15,95,0,0.8,D2PL,1466313,0.0000
16,10,1000000,15,95,0,0.9,Silo,605251,0.0410
16,10,1000000,15,95,0,0.9,2PL-NoWait,392184,0.1008
16,10,1000000,15,95,0,0.9,D2PL,924818,0.0000
16,10,1000000,15,95,0,0.95,Silo,499682,0.0604
16,10,1000000,15,95,0,0.95,2PL-NoWait,307055,0.1427
16,10,1000000,15,95,0,0.95,D2PL,686420,0.0000
16,10,1000000,15,95,0,0.99,Silo,435321,0.0790
16,10,1000000,15,95,0,0.99,2PL-NoWait,270084,0.1952
16,10,1000000,15,95,0,0.99,D2PL,565925,0.0000
16,10,500000,5,50,0,0,Silo,4423585,0.0001
16,10,500000,5,50,0,0,2PL-NoWait,4725242,0.0003
16,10,500000,5,50,0,0,D2PL,4196311,0.0000
16,10,500000,5,50,0,0.2,Silo,4415795,0.0002
16,10,500000,5,50,0,0.2,2PL-NoWait,4744385,0.0003
16,10,500000,5,50,0,0.2,D2PL,4255342,0.0000
16,10,500000,5,50,0,0.6,Silo,3972756,0.0015
16,10,500000,5,50,0,0.6,2PL-NoWait,3871544,0.0025
16,10,500000,5,50,0,0.6,D2PL,4402952,0.0000
16,10,500000,5,50,0,0.8,Silo,1620608,0.0139
16,10,500000,5,50,0,0.8,2PL-NoWait,1374221,0.0230
16,10,500000,5,50,0,0.8,D2PL,4162568,0.0000
16,10,500000,5,50,0,0.9,Silo,971793,0.0351
16,10,500000,5,50,0,0.9,2PL-NoWait,840202,0.0869
16,10,500000,5,50,0,0.9,D2PL,2466869,0.0000
16,10,500000,5,50,0,0.95,Silo,756945,0.0597
16,10,500000,5,50,0,0.95,2PL-NoWait,705436,0.1668
16,10,500000,5,50,0,0.95,D2PL,1791955,0.0000
16,10,500000,5,50,0,0.99,Silo,710824,0.0930
16,10,500000,5,50,0,0.99,2PL-NoWait,632756,0.2364
16,10,500000,5,50,0,0.99,D2PL,1457943,0.0000
16,10,500000,5,95,0,0,Silo,5457848,0.0000
16,10,500000,5,95,0,0,2PL-NoWait,5477522,0.0000
16,10,500000,5,95,0,0,D2PL,5145947,0.0000
16,10,500000,5,95,0,0.2,Silo,5428451,0.0000
16,10,500000,5,95,0,0.2,2PL-NoWait,5456024,0.0000
16,10,500000,5,95,0,0.2,D2PL,5127540,0.0000
16,10,500000,5,95,0,0.6,Silo,5975038,0.0002
16,10,500000,5,95,0,0.6,2PL-NoWait,5582910,0.0004
16,10,500000,5,95,0,0.6,D2PL,5433604,0.0000
16,10,500000,5,95,0,0.8,Silo,4548051,0.0026
16,10,500000,5,95,0,0.8,2PL-NoWait,3308541,0.0054
16,10,500000,5,95,0,0.8,D2PL,5700884,0.0000
16,10,500000,5,95,0,0.9,Silo,3011647,0.0067
16,10,500000,5,95,0,0.9,2PL-NoWait,1986286,0.0138
16,10,500000,5,95,0,0.9,D2PL,5428156,0.0000
16,10,500000,5,95,0,0.95,Silo,2446394,0.0097
16,10,500000,5,95,0,0.95,2PL-NoWait,1588220,0.0210
16,10,500000,5,95,0,0.95,D2PL,4622955,0.0000
16,10,500000,5,95,0,0.99,Silo,2111699,0.0128
16,10,500000,5,95,0,0.99,2PL-NoWait,1378869,0.0288
16,10,500000,5,95,0,0.99,D2PL,3727696,0.0000
16,10,500000,10,50,0,0,Silo,2082677,0.0007
16,10,500000,10,50,0,0,2PL-NoWait,2222327,0.0012
16,10,500000,10,50,0,0,D2PL,2015991,0.0000
16,10,500000,10,50,0,0.2,Silo,2052017,0.0007
16,10,500000,10,50,0,0.2,2PL-NoWait,2198510,0.0012
16,10,500000,10,50,0,0.2,D2PL,1969308,0.0000
16,10,500000,10,50,0,0.6,Silo,1604972,0.0058
16,10,500000,10,50,0,0.6,2PL-NoWait,1524791,0.0095
16,10,500000,10,50,0,0.6,D2PL,2090073,0.0000
16,10,500000,10,50,0,0.8,Silo,575999,0.0453
16,10,500000,10,50,0,0.8,2PL-NoWait,496094,0.0839
16,10,500000,10,50,0,0.8,D2PL,1322083,0.0000
16,10,500000,10,50,0,0.9,Silo,375655,0.1242
16,10,500000,10,50,0,0.9,2PL-NoWait,319534,0.3084
16,10,500000,10,50,0,0.9,D2PL,635728,0.0000
16,10,500000,10,50,0,0.95,Silo,333106,0.2115
16,10,500000,10,50,0,0.95,2PL-NoWait,275736,0.3869
16,10,500000,10,50,0,0.95,D2PL,503733,0.0000
16,10,500000,10,50,0,0.99,Silo,306389,0.2816
16,10,500000,10,50,0,0.99,2PL-NoWait,256326,0.3490
16,10,500000,10,50,0,0.99,D2PL,397142,0.0000
16,10,500000,10,95,0,0,Silo,2633764,0.0001
16,10,500000,10,95,0,0,2PL-NoWait,2559635,0.0001
16,10,500000,10,95,0,0,D2PL,2422349,0.0000
16,10,500000,10,95,0,0.2,Silo,2634340,0.0001
16,10,500000,10,95,0,0.2,2PL-NoWait,2589974,0.0002
16,10,500000,10,95,0,0.2,D2PL,2445822,0.0000
16,10,500000,10,95,0,0.6,Silo,2725726,0.0007
16,10,500000,10,95,0,0.6,2PL-NoWait,2137568,0.0097
16,10,500000,10,95,0,0.6,D2PL,2573258,0.0000
16,10,500000,10,95,0,0.8,Silo,1737114,0.0092
16,10,500000,10,95,0,0.8,2PL-NoWait,1247780,0.0195
16,10,500000,10,95,0,0.8,D2PL,2641719,0.0000
16,10,500000,10,95,0,0.9,Silo,1091410,0.0216
16,10,500000,10,95,0,0.9,2PL-NoWait,729027,0.0498
16,10,500000,10,95,0,0.9,D2PL,1985028,0.0000
16,10,500000,10,95,0,0.95,Silo,904559,0.0318
16,10,500000,10,95,0,0.95,2PL-NoWait,587725,0.0740
16,10,500000,10,95,0,0.95,D2PL,1480850,0.0000
16,10,500000,10,95,0,0.99,Silo,785853,0.0405
16,10,500000,10,95,0,0.99,2PL-NoWait,516505,0.1011
16,10,500000,10,95,0,0.99,D2PL,1203573,0.0000
16,10,500000,15,50,0,0,Silo,1313224,0.0015
16,10,500000,15,50,0,0,2PL-NoWait,1388158,0.0028
16,10,500000,15,50,0,0,D2PL,1261515,0.0000
16,10,500000,15,50,0,0.2,Silo,1322835,0.0016
16,10,500000,15,50,0,0.2,2PL-NoWait,1373026,0.0030
16,10,500000,15,50,0,0.2,D2PL,1266913,0.0000
16,10,500000,15,50,0,0.6,Silo,942791,0.0123
16,10,500000,15,50,0,0.6,2PL-NoWait,867023,0.0216
16,10,500000,15,50,0,0.6,D2PL,1297013,0.0000
16,10,500000,15,50,0,0.8,Silo,323308,0.0920
16,10,500000,15,50,0,0.8,2PL-NoWait,268944,0.2091
16,10,500000,15,50,0,0.8,D2PL,560245,0.0000
16,10,500000,15,50,0,0.9,Silo,222958,0.2533
16,10,500000,15,50,0,0.9,2PL-NoWait,171515,0.4513
16,10,500000,15,50,0,0.9,D2PL,274375,0.0000
16,10,500000,15,50,0,0.95,Silo,191332,0.3428
16,10,500000,15,50,0,0.95,2PL-NoWait,154783,0.4276
16,10,500000,15,50,0,0.95,D2PL,227440,0.0000
16,10,500000,15,50,0,0.99,Silo,176028,0.3963
16,10,500000,15,50,0,0.99,2PL-NoWait,151332,0.3612
16,10,500000,15,50,0,0.99,D2PL,195875,0.0000
16,10,500000,15,95,0,0,Silo,1699969,0.0002
16,10,500000,15,95,0,0,2PL-NoWait,1647230,0.0004
16,10,500000,15,95,0,0,D2PL,1520211,0.0000
16,10,500000,15,95,0,0.2,Silo,1718279,0.0002
16,10,500000,15,95,0,0.2,2PL-NoWait,1640943,0.0004
16,10,500000,15,95,0,0.2,D2PL,1521745,0.0000
16,10,500000,15,95,0,0.6,Silo,1766974,0.0016
16,10,500000,15,95,0,0.6,2PL-NoWait,1549407,0.0039
16,10,500000,15,95,0,0.6,D2PL,1627688,0.0000
16,10,500000,15,95,0,0.8,Silo,990535,0.0186
16,10,500000,15,95,0,0.8,2PL-NoWait,671266,0.0434
16,10,500000,15,95,0,0.8,D2PL,1534826,0.0000
16,10,500000,15,95,0,0.9,Silo,609054,0.0425
16,10,500000,15,95,0,0.9,2PL-NoWait,390734,0.1082
16,10,500000,15,95,0,0.9,D2PL,917606,0.0000
16,10,500000,15,95,0,0.95,Silo,515490,0.0629
16,10,500000,15,95,0,0.95,2PL-NoWait,314980,0.1463
16,10,500000,15,95,0,0.95,D2PL,692495,0.0000
16,10,500000,15,95,0,0.99,Silo,462692,0.0833
16,10,500000,15,95,0,0.99,2PL-NoWait,279813,0.1942
16,10,500000,15,95,0,0.99,D2PL,486089,0.0000
16,10,100000,5,50,0,0,Silo,5379479,0.0007
16,10,100000,5,50,0,0,2PL-NoWait,5485136,0.0011
16,10,100000,5,50,0,0,D2PL,5048145,0.0000
16,10,100000,5,50,0,0.2,Silo,5368522,0.0007
16,10,100000,5,50,0,0.2,2PL-NoWait,5429747,0.0012
16,10,100000,5,50,0,0.2,D2PL,5076514,0.0000
16,10,100000,5,50,0,0.6,Silo,3559192,0.0038
16,10,100000,5,50,0,0.6,2PL-NoWait,3126487,0.0059
16,10,100000,5,50,0,0.6,D2PL,5170117,0.0000
16,10,100000,5,50,0,0.8,Silo,1404853,0.0202
16,10,100000,5,50,0,0.8,2PL-NoWait,1173255,0.0370
16,10,100000,5,50,0,0.8,D2PL,3991813,0.0000
16,10,100000,5,50,0,0.9,Silo,967705,0.0524
16,10,100000,5,50,0,0.9,2PL-NoWait,822922,0.1538
16,10,100000,5,50,0,0.9,D2PL,2210936,0.0000
16,10,100000,5,50,0,0.95,Silo,839965,0.0845
16,10,100000,5,50,0,0.95,2PL-NoWait,710194,0.2080
16,10,100000,5,50,0,0.95,D2PL,1720816,0.0000
16,10,100000,5,50,0,0.99,Silo,773414,0.1181
16,10,100000,5,50,0,0.99,2PL-NoWait,660398,0.2147
16,10,100000,5,50,0,0.99,D2PL,1418114,0.0000
16,10,100000,5,95,0,0,Silo,9334959,0.0001
16,10,100000,5,95,0,0,2PL-NoWait,7930465,0.0002
16,10,100000,5,95,0,0,D2PL,6522892,0.0000
16,10,100000,5,95,0,0.2,Silo,9429896,0.0001
16,10,100000,5,95,0,0.2,2PL-NoWait,7942307,0.0002
16,10,100000,5,95,0,0.2,D2PL,6577579,0.0000
16,10,100000,5,95,0,0.6,Silo,8670345,0.0005
16,10,100000,5,95,0,0.6,2PL-NoWait,6532288,0.0012
16,10,100000,5,95,0,0.6,D2PL,6814251,0.0000
16,10,100000,5,95,0,0.8,Silo,4774521,0.0036
16,10,100000,5,95,0,0.8,2PL-NoWait,2982122,0.0079
16,10,100000,5,95,0,0.8,D2PL,6685868,0.0000
16,10,100000,5,95,0,0.9,Silo,3046173,0.0078
16,10,100000,5,95,0,0.9,2PL-NoWait,1671464,0.0432
16,10,100000,5,95,0,0.9,D2PL,5626746,0.0000
16,10,100000,5,95,0,0.95,Silo,2532429,0.0106
16,10,100000,5,95,0,0.95,2PL-NoWait,1579086,0.0246
16,10,100000,5,95,0,0.95,D2PL,4466984,0.0000
16,10,100000,5,95,0,0.99,Silo,2224095,0.0133
16,10,100000,5,95,0,0.99,2PL-NoWait,1410138,0.0331
16,10,100000,5,95,0,0.99,D2PL,3578752,0.0000
16,10,100000,10,50,0,0,Silo,2297575,0.0027
16,10,100000,10,50,0,0,2PL-NoWait,2316572,0.0043
16,10,100000,10,50,0,0,D2PL,2384233,0.0000
16,10,100000,10,50,0,0.2,Silo,2263955,0.0028
16,10,100000,10,50,0,0.2,2PL-NoWait,2277627,0.0045
16,10,100000,10,50,0,0.2,D2PL,2398703,0.0000
16,10,100000,10,50,0,0.6,Silo,1306572,0.0133
16,10,100000,10,50,0,0.6,2PL-NoWait,1177337,0.0203
16,10,100000,10,50,0,0.6,D2PL,2375475,0.0000
16,10,100000,10,50,0,0.8,Silo,497205,0.0677
16,10,100000,10,50,0,0.8,2PL-NoWait,402147,0.3040
16,10,100000,10,50,0,0.8,D2PL,1073391,0.0000
16,10,100000,10,50,0,0.9,Silo,378607,0.1820
16,10,100000,10,50,0,0.9,2PL-NoWait,318753,0.3694
16,10,100000,10,50,0,0.9,D2PL,582002,0.0000
16,10,100000,10,50,0,0.95,Silo,343907,0.2713
16,10,100000,10,50,0,0.95,2PL-NoWait,288602,0.3293
16,10,100000,10,50,0,0.95,D2PL,468943,0.0000
16,10,100000,10,50,0,0.99,Silo,306696,0.2878
16,10,100000,10,50,0,0.99,2PL-NoWait,282280,0.2823
16,10,100000,10,50,0,0.99,D2PL,405735,0.0000
16,10,100000,10,95,0,0,Silo,4444957,0.0003
16,10,100000,10,95,0,0,2PL-NoWait,3622899,0.0007
16,10,100000,10,95,0,0,D2PL,3089805,0.0000
16,10,100000,10,95,0,0.2,Silo,4407283,0.0003
16,10,100000,10,95,0,0.2,2PL-NoWait,3609883,0.0007
16,10,100000,10,95,0,0.2,D2PL,3099620,0.0000
16,10,100000,10,95,0,0.6,Silo,3662617,0.0020
16,10,100000,10,95,0,0.6,2PL-NoWait,2683028,0.0044
16,10,100000,10,95,0,0.6,D2PL,3209483,0.0000
16,10,100000,10,95,0,0.8,Silo,1725436,0.0121
16,10,100000,10,95,0,0.8,2PL-NoWait,1102120,0.0257
16,10,100000,10,95,0,0.8,D2PL,2923468,0.0000
16,10,100000,10,95,0,0.9,Silo,1130339,0.0247
16,10,100000,10,95,0,0.9,2PL-NoWait,701317,0.0579
16,10,100000,10,95,0,0.9,D2PL,1885233,0.0000
16,10,100000,10,95,0,0.95,Silo,961025,0.0351
16,10,100000,10,95,0,0.95,2PL-NoWait,596695,0.0875
16,10,100000,10,95,0,0.95,D2PL,1449522,0.0000
16,10,100000,10,95,0,0.99,Silo,869876,0.0458
16,10,100000,10,95,0,0.99,2PL-NoWait,547536,0.1171
16,10,100000,10,95,0,0.99,D2PL,1227780,0.0000
16,10,100000,15,50,0,0,Silo,1354515,0.0059
16,10,100000,15,50,0,0,2PL-NoWait,1304373,0.0099
16,10,100000,15,50,0,0,D2PL,1234250,0.0000
16,10,100000,15,50,0,0.2,Silo,1329633,0.0062
16,10,100000,15,50,0,0.2,2PL-NoWait,1298955,0.0101
16,10,100000,15,50,0,0.2,D2PL,1505230,0.0000
16,10,100000,15,50,0,0.6,Silo,709801,0.0273
16,10,100000,15,50,0,0.6,2PL-NoWait,628131,0.0440
16,10,100000,15,50,0,0.6,D2PL,1420520,0.0000
16,10,100000,15,50,0,0.8,Silo,284359,0.1374
16,10,100000,15,50,0,0.8,2PL-NoWait,242380,0.3253
16,10,100000,15,50,0,0.8,D2PL,462614,0.0000
16,10,100000,15,50,0,0.9,Silo,214144,0.3042
16,10,100000,15,50,0,0.9,2PL-NoWait,178799,0.4029
16,10,100000,15,50,0,0.9,D2PL,276328,0.0000
16,10,100000,15,50,0,0.95,Silo,190115,0.3643
16,10,100000,15,50,0,0.95,2PL-NoWait,170776,0.3483
16,10,100000,15,50,0,0.95,D2PL,219746,0.0000
16,10,100000,15,50,0,0.99,Silo,177711,0.3742
16,10,100000,15,50,0,0.99,2PL-NoWait,167705,0.2633
16,10,100000,15,50,0,0.99,D2PL,197152,0.0000
16,10,100000,15,95,0,0,Silo,2649984,0.0007
16,10,100000,15,95,0,0,2PL-NoWait,2223054,0.0016
16,10,100000,15,95,0,0,D2PL,1950827,0.0000
16,10,100000,15,95,0,0.2,Silo,2756931,0.0007
16,10,100000,15,95,0,0.2,2PL-NoWait,2237500,0.0017
16,10,100000,15,95,0,0.2,D2PL,1947358,0.0000
16,10,100000,15,95,0,0.6,Silo,2153142,0.0044
16,10,100000,15,95,0,0.6,2PL-NoWait,1518293,0.0097
16,10,100000,15,95,0,0.6,D2PL,2006047,0.0000
16,10,100000,15,95,0,0.8,Silo,945349,0.0242
16,10,100000,15,95,0,0.8,2PL-NoWait,585692,0.0543
16,10,100000,15,95,0,0.8,D2PL,1550767,0.0000
16,10,100000,15,95,0,0.9,Silo,634114,0.0500
16,10,100000,15,95,0,0.9,2PL-NoWait,386565,0.1217
16,10,100000,15,95,0,0.9,D2PL,894750,0.0000
16,10,100000,15,95,0,0.95,Silo,549479,0.0694
16,10,100000,15,95,0,0.95,2PL-NoWait,329286,0.1651
16,10,100000,15,95,0,0.95,D2PL,713776,0.0000
16,10,100000,15,95,0,0.99,Silo,521177,0.0949
16,10,100000,15,95,0,0.99,2PL-NoWait,301652,0.1924
16,10,100000,15,95,0,0.99,D2PL,619910,0.0000
32,10,1000000,5,50,0,0,Silo,6860781,0.0002
32,10,1000000,5,50,0,0,2PL-NoWait,7332221,0.0003
32,10,1000000,5,50,0,0,D2PL,7088498,0.0000
32,10,1000000,5,50,0,0.2,Silo,7245572,0.0002
32,10,1000000,5,50,0,0.2,2PL-NoWait,7537617,0.0003
32,10,1000000,5,50,0,0.2,D2PL,7133441,0.0000
32,10,1000000,5,50,0,0.6,Silo,6702613,0.0018
32,10,1000000,5,50,0,0.6,2PL-NoWait,6437775,0.0031
32,10,1000000,5,50,0,0.6,D2PL,7313224,0.0000
32,10,1000000,5,50,0,0.8,Silo,2438459,0.0205
32,10,1000000,5,50,0,0.8,2PL-NoWait,1722146,0.0915
32,10,1000000,5,50,0,0.8,D2PL,5728619,0.0000
32,10,1000000,5,50,0,0.9,Silo,1376772,0.0663
32,10,1000000,5,50,0,0.9,2PL-NoWait,899524,0.7668
32,10,1000000,5,50,0,0.9,D2PL,2677175,0.0000
32,10,1000000,5,50,0,0.95,Silo,1086306,0.1359
32,10,1000000,5,50,0,0.95,2PL-NoWait,600505,0.8588
32,10,1000000,5,50,0,0.95,D2PL,1823052,0.0000
32,10,1000000,5,50,0,0.99,Silo,969000,0.2207
32,10,1000000,5,50,0,0.99,2PL-NoWait,528356,0.9074
32,10,1000000,5,50,0,0.99,D2PL,1582919,0.0000
32,10,1000000,5,95,0,0,Silo,8400079,0.0000
32,10,1000000,5,95,0,0,2PL-NoWait,8173861,0.0000
32,10,1000000,5,95,0,0,D2PL,7984945,0.0000
32,10,1000000,5,95,0,0.2,Silo,8471252,0.0000
32,10,1000000,5,95,0,0.2,2PL-NoWait,8245779,0.0000
32,10,1000000,5,95,0,0.2,D2PL,8032527,0.0000
32,10,1000000,5,95,0,0.6,Silo,9323556,0.0002
32,10,1000000,5,95,0,0.6,2PL-NoWait,8781253,0.0005
32,10,1000000,5,95,0,0.6,D2PL,8907145,0.0000
32,10,1000000,5,95,0,0.8,Silo,7054436,0.0037
32,10,1000000,5,95,0,0.8,2PL-NoWait,5093123,0.0080
32,10,1000000,5,95,0,0.8,D2PL,9838836,0.0000
32,10,1000000,5,95,0,0.9,Silo,4360288,0.0102
32,10,1000000,5,95,0,0.9,2PL-NoWait,2778097,0.0226
32,10,1000000,5,95,0,0.9,D2PL,6756693,0.0000
32,10,1000000,5,95,0,0.95,Silo,3153995,0.0151
32,10,1000000,5,95,0,0.95,2PL-NoWait,2136000,0.0353
32,10,1000000,5,95,0,0.95,D2PL,5033391,0.0000
32,10,1000000,5,95,0,0.99,Silo,2969602,0.0215
32,10,1000000,5,95,0,0.99,2PL-NoWait,1760284,0.0493
32,10,1000000,5,95,0,0.99,D2PL,3908902,0.0000
32,10,1000000,10,50,0,0,Silo,3438881,0.0007
32,10,1000000,10,50,0,0,2PL-NoWait,3571146,0.0013
32,10,1000000,10,50,0,0,D2PL,3426777,0.0000
32,10,1000000,10,50,0,0.2,Silo,3430985,0.0007
32,10,1000000,10,50,0,0.2,2PL-NoWait,3592000,0.0014
32,10,1000000,10,50,0,0.2,D2PL,3435029,0.0000
32,10,1000000,10,50,0,0.6,Silo,2789536,0.0069
32,10,1000000,10,50,0,0.6,2PL-NoWait,2616920,0.0119
32,10,1000000,10,50,0,0.6,D2PL,3658720,0.0000
32,10,1000000,10,50,0,0.8,Silo,878233,0.0662
32,10,1000000,10,50,0,0.8,2PL-NoWait,702860,0.1394
32,10,1000000,10,50,0,0.8,D2PL,1518587,0.0000
32,10,1000000,10,50,0,0.9,Silo,551561,0.2539
32,10,1000000,10,50,0,0.9,2PL-NoWait,382695,0.4485
32,10,1000000,10,50,0,0.9,D2PL,668169,0.0000
32,10,1000000,10,50,0,0.95,Silo,474879,0.4357
32,10,1000000,10,50,0,0.95,2PL-NoWait,306357,0.5298
32,10,1000000,10,50,0,0.95,D2PL,528379,0.0000
32,10,1000000,10,50,0,0.99,Silo,403008,0.5468
32,10,1000000,10,50,0,0.99,2PL-NoWait,272462,0.5443
32,10,1000000,10,50,0,0.99,D2PL,398703,0.0000
32,10,1000000,10,95,0,0,Silo,4000836,0.0001
32,10,1000000,10,95,0,0,2PL-NoWait,3862748,0.0002
32,10,1000000,10,95,0,0,D2PL,3765299,0.0000
32,10,1000000,10,95,0,0.2,Silo,4107104,0.0001
32,10,1000000,10,95,0,0.2,2PL-NoWait,4001523,0.0002
32,10,1000000,10,95,0,0.2,D2PL,3921517,0.0000
32,10,1000000,10,95,0,0.6,Silo,4453865,0.0009
32,10,1000000,10,95,0,0.6,2PL-NoWait,4063040,0.0021
32,10,1000000,10,95,0,0.6,D2PL,4289283,0.0000
32,10,1000000,10,95,0,0.8,Silo,2655813,0.0130
32,10,1000000,10,95,0,0.8,2PL-NoWait,1645577,0.0578
32,10,1000000,10,95,0,0.8,D2PL,4088496,0.0000
32,10,1000000,10,95,0,0.9,Silo,1580449,0.0339
32,10,1000000,10,95,0,0.9,2PL-NoWait,984457,0.0805
32,10,1000000,10,95,0,0.9,D2PL,2164977,0.0000
32,10,1000000,10,95,0,0.95,Silo,1267313,0.0523
32,10,1000000,10,95,0,0.95,2PL-NoWait,732585,0.1134
32,10,1000000,10,95,0,0.95,D2PL,1555292,0.0000
32,10,1000000,10,95,0,0.99,Silo,1146218,0.0797
32,10,1000000,10,95,0,0.99,2PL-NoWait,549061,0.1808
32,10,1000000,10,95,0,0.99,D2PL,1323706,0.0000
32,10,1000000,15,50,0,0,Silo,2191007,0.0016
32,10,1000000,15,50,0,0,2PL-NoWait,2261389,0.0030
32,10,1000000,15,50,0,0,D2PL,2174230,0.0000
32,10,1000000,15,50,0,0.2,Silo,2190783,0.0017
32,10,1000000,15,50,0,0.2,2PL-NoWait,2264833,0.0032
32,10,1000000,15,50,0,0.2,D2PL,2174566,0.0000
32,10,1000000,15,50,0,0.6,Silo,1608876,0.0145
32,10,1000000,15,50,0,0.6,2PL-NoWait,1477483,0.0263
32,10,1000000,15,50,0,0.6,D2PL,2271818,0.0000
32,10,1000000,15,50,0,0.8,Silo,484952,0.1339
32,10,1000000,15,50,0,0.8,2PL-NoWait,368474,0.2889
32,10,1000000,15,50,0,0.8,D2PL,661096,0.0000
32,10,1000000,15,50,0,0.9,Silo,319749,0.4501
32,10,1000000,15,50,0,0.9,2PL-NoWait,203446,0.6113
32,10,1000000,15,50,0,0.9,D2PL,289195,0.0000
32,10,1000000,15,50,0,0.95,Silo,260672,0.6085
32,10,1000000,15,50,0,0.95,2PL-NoWait,165548,0.6084
32,10,1000000,15,50,0,0.95,D2PL,210465,0.0000
32,10,1000000,15,50,0,0.99,Silo,217746,0.6751
32,10,1000000,15,50,0,0.99,2PL-NoWait,152020,0.5689
32,10,1000000,15,50,0,0.99,D2PL,180376,0.0000
32,10,1000000,15,95,0,0,Silo,2355045,0.0002
32,10,1000000,15,95,0,0,2PL-NoWait,2228384,0.0015
32,10,1000000,15,95,0,0,D2PL,2473031,0.0000
32,10,1000000,15,95,0,0.2,Silo,2679385,0.0002
32,10,1000000,15,95,0,0.2,2PL-NoWait,2583949,0.0004
32,10,1000000,15,95,0,0.2,D2PL,2505637,0.0000
32,10,1000000,15,95,0,0.6,Silo,2838401,0.0020
32,10,1000000,15,95,0,0.6,2PL-NoWait,2529333,0.0051
32,10,1000000,15,95,0,0.6,D2PL,2741441,0.0000
32,10,1000000,15,95,0,0.8,Silo,1492234,0.0265
32,10,1000000,15,95,0,0.8,2PL-NoWait,988413,0.0672
32,10,1000000,15,95,0,0.8,D2PL,2065093,0.0000
32,10,1000000,15,95,0,0.9,Silo,894712,0.0684
32,10,1000000,15,95,0,0.9,2PL-NoWait,517116,0.1541
32,10,1000000,15,95,0,0.9,D2PL,1008237,0.0000
32,10,1000000,15,95,0,0.95,Silo,737101,0.1087
32,10,1000000,15,95,0,0.95,2PL-NoWait,399933,0.2253
32,10,1000000,15,95,0,0.95,D2PL,772963,0.0000
32,10,1000000,15,95,0,0.99,Silo,706384,0.1698
32,10,1000000,15,95,0,0.99,2PL-NoWait,341088,0.2802
32,10,1000000,15,95,0,0.99,D2PL,643252,0.0000
32,10,500000,5,50,0,0,Silo,8514554,0.0003
32,10,500000,5,50,0,0,2PL-NoWait,8988486,0.0006
32,10,500000,5,50,0,0,D2PL,8277425,0.0000
32,10,500000,5,50,0,0.2,Silo,8571333,0.0003
32,10,500000,5,50,0,0.2,2PL-NoWait,8998500,0.0006
32,10,500000,5,50,0,0.2,D2PL,8246566,0.0000
32,10,500000,5,50,0,0.6,Silo,6761298,0.0027
32,10,500000,5,50,0,0.6,2PL-NoWait,6295566,0.0045
32,10,500000,5,50,0,0.6,D2PL,8616941,0.0000
32,10,500000,5,50,0,0.8,Silo,2356017,0.0233
32,10,500000,5,50,0,0.8,2PL-NoWait,1884938,0.0431
32,10,500000,5,50,0,0.8,D2PL,5549250,0.0000
32,10,500000,5,50,0,0.9,Silo,1380598,0.0806
32,10,500000,5,50,0,0.9,2PL-NoWait,860599,0.7493
32,10,500000,5,50,0,0.9,D2PL,2737283,0.0000
32,10,500000,5,50,0,0.95,Silo,1138362,0.1593
32,10,500000,5,50,0,0.95,2PL-NoWait,689100,0.7823
32,10,500000,5,50,0,0.95,D2PL,1885832,0.0000
32,10,500000,5,50,0,0.99,Silo,1023036,0.2662
32,10,500000,5,50,0,0.99,2PL-NoWait,452092,0.9352
32,10,500000,5,50,0,0.99,D2PL,1644344,0.0000
32,10,500000,5,95,0,0,Silo,10571231,0.0000
32,10,500000,5,95,0,0,2PL-NoWait,10304953,0.0001
32,10,500000,5,95,0,0,D2PL,9855369,0.0000
32,10,500000,5,95,0,0.2,Silo,10630179,0.0000
32,10,500000,5,95,0,0.2,2PL-NoWait,10453025,0.0001
32,10,500000,5,95,0,0.2,D2PL,9754675,0.0000
32,10,500000,5,95,0,0.6,Silo,11240517,0.0003
32,10,500000,5,95,0,0.6,2PL-NoWait,10301075,0.0008
32,10,500000,5,95,0,0.6,D2PL,10466454,0.0000
32,10,500000,5,95,0,0.8,Silo,7190501,0.0043
32,10,500000,5,95,0,0.8,2PL-NoWait,4936155,0.0094
32,10,500000,5,95,0,0.8,D2PL,10579277,0.0000
32,10,500000,5,95,0,0.9,Silo,4352694,0.0110
32,10,500000,5,95,0,0.9,2PL-NoWait,2365210,0.0571
32,10,500000,5,95,0,0.9,D2PL,6918519,0.0000
32,10,500000,5,95,0,0.95,Silo,3533517,0.0160
32,10,500000,5,95,0,0.95,2PL-NoWait,2144086,0.0381
32,10,500000,5,95,0,0.95,D2PL,4823122,0.0000
32,10,500000,5,95,0,0.99,Silo,3084281,0.0229
32,10,500000,5,95,0,0.99,2PL-NoWait,1767976,0.0510
32,10,500000,5,95,0,0.99,D2PL,4024168,0.0000
32,10,500000,10,50,0,0,Silo,3925550,0.0013
32,10,500000,10,50,0,0,2PL-NoWait,4048481,0.0023
32,10,500000,10,50,0,0,D2PL,3968172,0.0000
32,10,500000,10,50,0,0.2,Silo,3917296,0.0014
32,10,500000,10,50,0,0.2,2PL-NoWait,4064077,0.0024
32,10,500000,10,50,0,0.2,D2PL,3968303,0.0000
32,10,500000,10,50,0,0.6,Silo,2656428,0.0100
32,10,500000,10,50,0,0.6,2PL-NoWait,2426991,0.0163
32,10,500000,10,50,0,0.6,D2PL,4066749,0.0000
32,10,500000,10,50,0,0.8,Silo,827016,0.0794
32,10,500000,10,50,0,0.8,2PL-NoWait,654848,0.1638
32,10,500000,10,50,0,0.8,D2PL,1412942,0.0000
32,10,500000,10,50,0,0.9,Silo,555379,0.3044
32,10,500000,10,50,0,0.9,2PL-NoWait,376434,0.5673
32,10,500000,10,50,0,0.9,D2PL,661471,0.0000
32,10,500000,10,50,0,0.95,Silo,467939,0.4700
32,10,500000,10,50,0,0.95,2PL-NoWait,310615,0.5362
32,10,500000,10,50,0,0.95,D2PL,487975,0.0000
32,10,500000,10,50,0,0.99,Silo,391352,0.5432
32,10,500000,10,50,0,0.99,2PL-NoWait,281599,0.5122
32,10,500000,10,50,0,0.99,D2PL,446819,0.0000
32,10,500000,10,95,0,0,Silo,5081844,0.0001
32,10,500000,10,95,0,0,2PL-NoWait,4856333,0.0003
32,10,500000,10,95,0,0,D2PL,4707628,0.0000
32,10,500000,10,95,0,0.2,Silo,5098364,0.0001
32,10,500000,10,95,0,0.2,2PL-NoWait,4910599,0.0003
32,10,500000,10,95,0,0.2,D2PL,4708028,0.0000
32,10,500000,10,95,0,0.6,Silo,5245327,0.0014
32,10,500000,10,95,0,0.6,2PL-NoWait,4536379,0.0032
32,10,500000,10,95,0,0.6,D2PL,5030541,0.0000
32,10,500000,10,95,0,0.8,Silo,2666136,0.0149
32,10,500000,10,95,0,0.8,2PL-NoWait,1789830,0.0343
32,10,500000,10,95,0,0.8,D2PL,4294667,0.0000
32,10,500000,10,95,0,0.9,Silo,1587259,0.0356
32,10,500000,10,95,0,0.9,2PL-NoWait,974368,0.0863
32,10,500000,10,95,0,0.9,D2PL,2161432,0.0000
32,10,500000,10,95,0,0.95,Silo,1312660,0.0569
32,10,500000,10,95,0,0.95,2PL-NoWait,756536,0.1218
32,10,500000,10,95,0,0.95,D2PL,1668593,0.0000
32,10,500000,10,95,0,0.99,Silo,1230477,0.0889
32,10,500000,10,95,0,0.99,2PL-NoWait,641494,0.1640
32,10,500000,10,95,0,0.99,D2PL,1326673,0.0000
32,10,500000,15,50,0,0,Silo,2428131,0.0029
32,10,500000,15,50,0,0,2PL-NoWait,2476472,0.0054
32,10,500000,15,50,0,0,D2PL,2474183,0.0000
32,10,500000,15,50,0,0.2,Silo,2428534,0.0031
32,10,500000,15,50,0,0.2,2PL-NoWait,2450202,0.0057
32,10,500000,15,50,0,0.2,D2PL,2468634,0.0000
32,10,500000,15,50,0,0.6,Silo,1501907,0.0208
32,10,500000,15,50,0,0.6,2PL-NoWait,1312214,0.0366
32,10,500000,15,50,0,0.6,D2PL,2445154,0.0000
32,10,500000,15,50,0,0.8,Silo,474334,0.1741
32,10,500000,15,50,0,0.8,2PL-NoWait,336072,0.3286
32,10,500000,15,50,0,0.8,D2PL,610618,0.0000
32,10,500000,15,50,0,0.9,Silo,328810,0.5125
32,10,500000,15,50,0,0.9,2PL-NoWait,201167,0.6342
32,10,500000,15,50,0,0.9,D2PL,289899,0.0000
32,10,500000,15,50,0,0.95,Silo,254292,0.6266
32,10,500000,15,50,0,0.95,2PL-NoWait,169281,0.6009
32,10,500000,15,50,0,0.95,D2PL,230261,0.0000
32,10,500000,15,50,0,0.99,Silo,217883,0.6761
32,10,500000,15,50,0,0.99,2PL-NoWait,157846,0.5207
32,10,500000,15,50,0,0.99,D2PL,184329,0.0000
32,10,500000,15,95,0,0,Silo,3325232,0.0003
32,10,500000,15,95,0,0,2PL-NoWait,3140260,0.0008
32,10,500000,15,95,0,0,D2PL,2980506,0.0000
32,10,500000,15,95,0,0.2,Silo,3345959,0.0003
32,10,500000,15,95,0,0.2,2PL-NoWait,3146349,0.0009
32,10,500000,15,95,0,0.2,D2PL,3001010,0.0000
32,10,500000,15,95,0,0.6,Silo,3219162,0.0031
32,10,500000,15,95,0,0.6,2PL-NoWait,2681898,0.0076
32,10,500000,15,95,0,0.6,D2PL,3161529,0.0000
32,10,500000,15,95,0,0.8,Silo,1468024,0.0295
32,10,500000,15,95,0,0.8,2PL-NoWait,938772,0.0744
32,10,500000,15,95,0,0.8,D2PL,1992856,0.0000
32,10,500000,15,95,0,0.9,Silo,899251,0.0729
32,10,500000,15,95,0,0.9,2PL-NoWait,502049,0.1610
32,10,500000,15,95,0,0.9,D2PL,989659,0.0000
32,10,500000,15,95,0,0.95,Silo,768816,0.1186
32,10,500000,15,95,0,0.95,2PL-NoWait,398996,0.2287
32,10,500000,15,95,0,0.95,D2PL,752096,0.0000
32,10,500000,15,95,0,0.99,Silo,741390,0.1840
32,10,500000,15,95,0,0.99,2PL-NoWait,344763,0.2898
32,10,500000,15,95,0,0.99,D2PL,643705,0.0000
32,10,100000,5,50,0,0,Silo,9578420,0.0012
32,10,100000,5,50,0,0,2PL-NoWait,9289210,0.0020
32,10,100000,5,50,0,0,D2PL,9940223,0.0000
32,10,100000,5,50,0,0.2,Silo,9489350,0.0013
32,10,100000,5,50,0,0.2,2PL-NoWait,9130281,0.0021
32,10,100000,5,50,0,0.2,D2PL,9907337,0.0000
32,10,100000,5,50,0,0.6,Silo,5478920,0.0063
32,10,100000,5,50,0,0.6,2PL-NoWait,4583363,0.0097
32,10,100000,5,50,0,0.6,D2PL,10042588,0.0000
32,10,100000,5,50,0,0.8,Silo,1963661,0.0375
32,10,100000,5,50,0,0.8,2PL-NoWait,1561890,0.0864
32,10,100000,5,50,0,0.8,D2PL,4470674,0.0000
32,10,100000,5,50,0,0.9,Silo,1301432,0.1344
32,10,100000,5,50,0,0.9,2PL-NoWait,740852,0.7983
32,10,100000,5,50,0,0.9,D2PL,2340601,0.0000
32,10,100000,5,50,0,0.95,Silo,1136364,0.2382
32,10,100000,5,50,0,0.95,2PL-NoWait,725581,0.7440
32,10,100000,5,50,0,0.95,D2PL,2023009,0.0000
32,10,100000,5,50,0,0.99,Silo,989905,0.3139
32,10,100000,5,50,0,0.99,2PL-NoWait,611764,0.8380
32,10,100000,5,50,0,0.99,D2PL,1466067,0.0000
32,10,100000,5,95,0,0,Silo,18057640,0.0001
32,10,100000,5,95,0,0,2PL-NoWait,14984671,0.0003
32,10,100000,5,95,0,0,D2PL,12891563,0.0000
32,10,100000,5,95,0,0.2,Silo,18357587,0.0001
32,10,100000,5,95,0,0.2,2PL-NoWait,14950849,0.0003
32,10,100000,5,95,0,0.2,D2PL,12944213,0.0000
32,10,100000,5,95,0,0.6,Silo,15332917,0.0009
32,10,100000,5,95,0,0.6,2PL-NoWait,10890828,0.0021
32,10,100000,5,95,0,0.6,D2PL,13376265,0.0000
32,10,100000,5,95,0,0.8,Silo,7154291,0.0059
32,10,100000,5,95,0,0.8,2PL-NoWait,4293756,0.0129
32,10,100000,5,95,0,0.8,D2PL,11625511,0.0000
32,10,100000,5,95,0,0.9,Silo,4468910,0.0128
32,10,100000,5,95,0,0.9,2PL-NoWait,2551692,0.0309
32,10,100000,5,95,0,0.9,D2PL,6055307,0.0000
32,10,100000,5,95,0,0.95,Silo,3650193,0.0187
32,10,100000,5,95,0,0.95,2PL-NoWait,2062514,0.0460
32,10,100000,5,95,0,0.95,D2PL,4659445,0.0000
32,10,100000,5,95,0,0.99,Silo,3259250,0.0271
32,10,100000,5,95,0,0.99,2PL-NoWait,1763085,0.0605
32,10,100000,5,95,0,0.99,D2PL,3933745,0.0000
32,10,100000,10,50,0,0,Silo,3897592,0.0049
32,10,100000,10,50,0,0,2PL-NoWait,3748030,0.0075
32,10,100000,10,50,0,0,D2PL,4696995,0.0000
32,10,100000,10,50,0,0.2,Silo,3828597,0.0051
32,10,100000,10,50,0,0.2,2PL-NoWait,3659220,0.0078
32,10,100000,10,50,0,0.2,D2PL,4731666,0.0000
32,10,100000,10,50,0,0.6,Silo,1946395,0.0218
32,10,100000,10,50,0,0.6,2PL-NoWait,1679783,0.0345
32,10,100000,10,50,0,0.6,D2PL,4368665,0.0000
32,10,100000,10,50,0,0.8,Silo,738054,0.1475
32,10,100000,10,50,0,0.8,2PL-NoWait,523875,0.7496
32,10,100000,10,50,0,0.8,D2PL,1245182,0.0000
32,10,100000,10,50,0,0.9,Silo,521810,0.4115
32,10,100000,10,50,0,0.9,2PL-NoWait,358015,0.5005
32,10,100000,10,50,0,0.9,D2PL,661571,0.0000
32,10,100000,10,50,0,0.95,Silo,426788,0.5164
32,10,100000,10,50,0,0.95,2PL-NoWait,309711,0.5974
32,10,100000,10,50,0,0.95,D2PL,511633,0.0000
32,10,100000,10,50,0,0.99,Silo,367932,0.5655
32,10,100000,10,50,0,0.99,2PL-NoWait,292052,0.4557
32,10,100000,10,50,0,0.99,D2PL,438526,0.0000
32,10,100000,10,95,0,0,Silo,8400950,0.0006
32,10,100000,10,95,0,0,2PL-NoWait,6690169,0.0013
32,10,100000,10,95,0,0,D2PL,6125085,0.0000
32,10,100000,10,95,0,0.2,Silo,8410116,0.0006
32,10,100000,10,95,0,0.2,2PL-NoWait,6658530,0.0014
32,10,100000,10,95,0,0.2,D2PL,6156531,0.0000
32,10,100000,10,95,0,0.6,Silo,6175836,0.0036
32,10,100000,10,95,0,0.6,2PL-NoWait,4223897,0.0075
32,10,100000,10,95,0,0.6,D2PL,6281430,0.0000
32,10,100000,10,95,0,0.8,Silo,2514989,0.0195
32,10,100000,10,95,0,0.8,2PL-NoWait,1513478,0.0441
32,10,100000,10,95,0,0.8,D2PL,3735310,0.0000
32,10,100000,10,95,0,0.9,Silo,1621258,0.0446
32,10,100000,10,95,0,0.9,2PL-NoWait,908154,0.1028
32,10,100000,10,95,0,0.9,D2PL,2110499,0.0000
32,10,100000,10,95,0,0.95,Silo,1403357,0.0716
32,10,100000,10,95,0,0.95,2PL-NoWait,745616,0.1479
32,10,100000,10,95,0,0.95,D2PL,1649155,0.0000
32,10,100000,10,95,0,0.99,Silo,1312198,0.1092
32,10,100000,10,95,0,0.99,2PL-NoWait,651562,0.1815
32,10,100000,10,95,0,0.99,D2PL,1333030,0.0000
32,10,100000,15,50,0,0,Silo,2222405,0.0104
32,10,100000,15,50,0,0,2PL-NoWait,2079136,0.0165
32,10,100000,15,50,0,0,D2PL,2960858,0.0000
32,10,100000,15,50,0,0.2,Silo,2177985,0.0109
32,10,100000,15,50,0,0.2,2PL-NoWait,2029082,0.0173
32,10,100000,15,50,0,0.2,D2PL,2939201,0.0000
32,10,100000,15,50,0,0.6,Silo,1057075,0.0442
32,10,100000,15,50,0,0.6,2PL-NoWait,885341,0.0763
32,10,100000,15,50,0,0.6,D2PL,2240513,0.0000
32,10,100000,15,50,0,0.8,Silo,414874,0.2987
32,10,100000,15,50,0,0.8,2PL-NoWait,292502,0.5121
32,10,100000,15,50,0,0.8,D2PL,466586,0.0000
32,10,100000,15,50,0,0.9,Silo,284141,0.5780
32,10,100000,15,50,0,0.9,2PL-NoWait,194606,0.6018
32,10,100000,15,50,0,0.9,D2PL,262419,0.0000
32,10,100000,15,50,0,0.95,Silo,232263,0.6415
32,10,100000,15,50,0,0.95,2PL-NoWait,176052,0.5310
32,10,100000,15,50,0,0.95,D2PL,216111,0.0000
32,10,100000,15,50,0,0.99,Silo,205817,0.6535
32,10,100000,15,50,0,0.99,2PL-NoWait,171522,0.4553
32,10,100000,15,50,0,0.99,D2PL,194515,0.0000
32,10,100000,15,95,0,0,Silo,5170684,0.0014
32,10,100000,15,95,0,0,2PL-NoWait,3990798,0.0031
32,10,100000,15,95,0,0,D2PL,3841160,0.0000
32,10,100000,15,95,0,0.2,Silo,5165454,0.0014
32,10,100000,15,95,0,0.2,2PL-NoWait,3979915,0.0032
32,10,100000,15,95,0,0.2,D2PL,3842439,0.0000
32,10,100000,15,95,0,0.6,Silo,3509177,0.0077
32,10,100000,15,95,0,0.6,2PL-NoWait,2349767,0.0172
32,10,100000,15,95,0,0.6,D2PL,3867142,0.0000
32,10,100000,15,95,0,0.8,Silo,1373961,0.0396
32,10,100000,15,95,0,0.8,2PL-NoWait,793785,0.0938
32,10,100000,15,95,0,0.8,D2PL,1710590,0.0000
32,10,100000,15,95,0,0.9,Silo,974913,0.1020
32,10,100000,15,95,0,0.9,2PL-NoWait,480472,0.2013
32,10,100000,15,95,0,0.9,D2PL,985389,0.0000
32,10,100000,15,95,0,0.95,Silo,855166,0.1602
32,10,100000,15,95,0,0.95,2PL-NoWait,400690,0.2692
32,10,100000,15,95,0,0.95,D2PL,760273,0.0000
32,10,100000,15,95,0,0.99,Silo,793288,0.2234
32,10,100000,15,95,0,0.99,2PL-NoWait,357093,0.3176
32,10,100000,15,95,0,0.99,D2PL,656959,0.0000
64,10,1000000,5,50,0,0,Silo,10623028,0.0003
64,10,1000000,5,50,0,0,2PL-NoWait,10602649,0.0007
64,10,1000000,5,50,0,0,D2PL,9444388,0.0000
64,10,1000000,5,50,0,0.2,Silo,10724093,0.0004
64,10,1000000,5,50,0,0.2,2PL-NoWait,10891350,0.0008
64,10,1000000,5,50,0,0.2,D2PL,9509928,0.0000
64,10,1000000,5,50,0,0.6,Silo,9769705,0.0033
64,10,1000000,5,50,0,0.6,2PL-NoWait,9099962,0.0059
64,10,1000000,5,50,0,0.6,D2PL,10298934,0.0000
64,10,1000000,5,50,0,0.8,Silo,3214949,0.0349
64,10,1000000,5,50,0,0.8,2PL-NoWait,2479012,0.0660
64,10,1000000,5,50,0,0.8,D2PL,4741517,0.0000
64,10,1000000,5,50,0,0.9,Silo,1695180,0.1368
64,10,1000000,5,50,0,0.9,2PL-NoWait,1220936,0.2250
64,10,1000000,5,50,0,0.9,D2PL,2122333,0.0000
64,10,1000000,5,50,0,0.95,Silo,1368523,0.3054
64,10,1000000,5,50,0,0.95,2PL-NoWait,943941,0.3725
64,10,1000000,5,50,0,0.95,D2PL,1565432,0.0000
64,10,1000000,5,50,0,0.99,Silo,1167145,0.4546
64,10,1000000,5,50,0,0.99,2PL-NoWait,553042,0.9065
64,10,1000000,5,50,0,0.99,D2PL,1230157,0.0000
64,10,1000000,5,95,0,0,Silo,12376545,0.0000
64,10,1000000,5,95,0,0,2PL-NoWait,11521187,0.0001
64,10,1000000,5,95,0,0,D2PL,10440645,0.0000
64,10,1000000,5,95,0,0.2,Silo,12390039,0.0000
64,10,1000000,5,95,0,0.2,2PL-NoWait,11625275,0.0001
64,10,1000000,5,95,0,0.2,D2PL,10454532,0.0000
64,10,1000000,5,95,0,0.6,Silo,14067875,0.0004
64,10,1000000,5,95,0,0.6,2PL-NoWait,12845656,0.0010
64,10,1000000,5,95,0,0.6,D2PL,11791587,0.0000
64,10,1000000,5,95,0,0.8,Silo,9951376,0.0065
64,10,1000000,5,95,0,0.8,2PL-NoWait,6807309,0.0154
64,10,1000000,5,95,0,0.8,D2PL,12086242,0.0000
64,10,1000000,5,95,0,0.9,Silo,5926406,0.0172
64,10,1000000,5,95,0,0.9,2PL-NoWait,3482146,0.0384
64,10,1000000,5,95,0,0.9,D2PL,5777415,0.0000
64,10,1000000,5,95,0,0.95,Silo,4667937,0.0273
64,10,1000000,5,95,0,0.95,2PL-NoWait,2578853,0.0711
64,10,1000000,5,95,0,0.95,D2PL,4096260,0.0000
64,10,1000000,5,95,0,0.99,Silo,3967887,0.0401
64,10,1000000,5,95,0,0.99,2PL-NoWait,2094232,0.0812
64,10,1000000,5,95,0,0.99,D2PL,3143096,0.0000
64,10,1000000,10,50,0,0,Silo,5125215,0.0014
64,10,1000000,10,50,0,0,2PL-NoWait,5155001,0.0027
64,10,1000000,10,50,0,0,D2PL,4534438,0.0000
64,10,1000000,10,50,0,0.2,Silo,5143338,0.0015
64,10,1000000,10,50,0,0.2,2PL-NoWait,5175569,0.0029
64,10,1000000,10,50,0,0.2,D2PL,4526039,0.0000
64,10,1000000,10,50,0,0.6,Silo,3950061,0.0124
64,10,1000000,10,50,0,0.6,2PL-NoWait,3632326,0.0222
64,10,1000000,10,50,0,0.6,D2PL,4677859,0.0000
64,10,1000000,10,50,0,0.8,Silo,1143065,0.1281
64,10,1000000,10,50,0,0.8,2PL-NoWait,830188,0.2610
64,10,1000000,10,50,0,0.8,D2PL,1148143,0.0000
64,10,1000000,10,50,0,0.9,Silo,649305,0.4517
64,10,1000000,10,50,0,0.9,2PL-NoWait,425653,0.5519
64,10,1000000,10,50,0,0.9,D2PL,541749,0.0000
64,10,1000000,10,50,0,0.95,Silo,512857,0.6345
64,10,1000000,10,50,0,0.95,2PL-NoWait,320697,0.6852
64,10,1000000,10,50,0,0.95,D2PL,362141,0.0000
64,10,1000000,10,50,0,0.99,Silo,418409,0.7167
64,10,1000000,10,50,0,0.99,2PL-NoWait,274049,0.7546
64,10,1000000,10,50,0,0.99,D2PL,311485,0.0000
64,10,1000000,10,95,0,0,Silo,6121048,0.0001
64,10,1000000,10,95,0,0,2PL-NoWait,5641241,0.0004
64,10,1000000,10,95,0,0,D2PL,5065810,0.0000
64,10,1000000,10,95,0,0.2,Silo,6141579,0.0002
64,10,1000000,10,95,0,0.2,2PL-NoWait,5597516,0.0004
64,10,1000000,10,95,0,0.2,D2PL,5043455,0.0000
64,10,1000000,10,95,0,0.6,Silo,6729643,0.0017
64,10,1000000,10,95,0,0.6,2PL-NoWait,5966035,0.0046
64,10,1000000,10,95,0,0.6,D2PL,5682189,0.0000
64,10,1000000,10,95,0,0.8,Silo,3674389,0.0217
64,10,1000000,10,95,0,0.8,2PL-NoWait,2383850,0.0527
64,10,1000000,10,95,0,0.8,D2PL,3625965,0.0000
64,10,1000000,10,95,0,0.9,Silo,2121675,0.0570
64,10,1000000,10,95,0,0.9,2PL-NoWait,1186827,0.1190
64,10,1000000,10,95,0,0.9,D2PL,1725724,0.0000
64,10,1000000,10,95,0,0.95,Silo,1793104,0.1023
64,10,1000000,10,95,0,0.95,2PL-NoWait,885582,0.1705
64,10,1000000,10,95,0,0.95,D2PL,1320138,0.0000
64,10,1000000,10,95,0,0.99,Silo,1663672,0.1667
64,10,1000000,10,95,0,0.99,2PL-NoWait,733832,0.2283
64,10,1000000,10,95,0,0.99,D2PL,1014048,0.0000
64,10,1000000,15,50,0,0,Silo,3277502,0.0031
64,10,1000000,15,50,0,0,2PL-NoWait,3322687,0.0061
64,10,1000000,15,50,0,0,D2PL,2953637,0.0000
64,10,1000000,15,50,0,0.2,Silo,3282541,0.0033
64,10,1000000,15,50,0,0.2,2PL-NoWait,3317034,0.0067
64,10,1000000,15,50,0,0.2,D2PL,2914944,0.0000
64,10,1000000,15,50,0,0.6,Silo,2285049,0.0260
64,10,1000000,15,50,0,0.6,2PL-NoWait,2018673,0.0462
64,10,1000000,15,50,0,0.6,D2PL,2819754,0.0000
64,10,1000000,15,50,0,0.8,Silo,615045,0.2463
64,10,1000000,15,50,0,0.8,2PL-NoWait,429340,0.3849
64,10,1000000,15,50,0,0.8,D2PL,505565,0.0000
64,10,1000000,15,50,0,0.9,Silo,354186,0.6486
64,10,1000000,15,50,0,0.9,2PL-NoWait,219498,0.7554
64,10,1000000,15,50,0,0.9,D2PL,213065,0.0000
64,10,1000000,15,50,0,0.95,Silo,266119,0.7591
64,10,1000000,15,50,0,0.95,2PL-NoWait,162470,0.9372
64,10,1000000,15,50,0,0.95,D2PL,169969,0.0000
64,10,1000000,15,50,0,0.99,Silo,219356,0.8036
64,10,1000000,15,50,0,0.99,2PL-NoWait,146962,0.7760
64,10,1000000,15,50,0,0.99,D2PL,132941,0.0000
64,10,1000000,15,95,0,0,Silo,4052906,0.0003
64,10,1000000,15,95,0,0,2PL-NoWait,3752651,0.0009
64,10,1000000,15,95,0,0,D2PL,3327573,0.0000
64,10,1000000,15,95,0,0.2,Silo,4102167,0.0003
64,10,1000000,15,95,0,0.2,2PL-NoWait,3818653,0.0010
64,10,1000000,15,95,0,0.2,D2PL,3327003,0.0000
64,10,1000000,15,95,0,0.6,Silo,4344657,0.0038
64,10,1000000,15,95,0,0.6,2PL-NoWait,3736392,0.0100
64,10,1000000,15,95,0,0.6,D2PL,3642429,0.0000
64,10,1000000,15,95,0,0.8,Silo,2070929,0.0435
64,10,1000000,15,95,0,0.8,2PL-NoWait,1241004,0.1049
64,10,1000000,15,95,0,0.8,D2PL,1656292,0.0000
64,10,1000000,15,95,0,0.9,Silo,1240771,0.1222
64,10,1000000,15,95,0,0.9,2PL-NoWait,614529,0.2208
64,10,1000000,15,95,0,0.9,D2PL,777609,0.0000
64,10,1000000,15,95,0,0.95,Silo,1068160,0.2105
64,10,1000000,15,95,0,0.95,2PL-NoWait,460143,0.3323
64,10,1000000,15,95,0,0.95,D2PL,596478,0.0000
64,10,1000000,15,95,0,0.99,Silo,999351,0.3143
64,10,1000000,15,95,0,0.99,2PL-NoWait,388892,0.3920
64,10,1000000,15,95,0,0.99,D2PL,508858,0.0000
64,10,500000,5,50,0,0,Silo,12915414,0.0006
64,10,500000,5,50,0,0,2PL-NoWait,13324110,0.0012
64,10,500000,5,50,0,0,D2PL,11450669,0.0000
64,10,500000,5,50,0,0.2,Silo,12981131,0.0007
64,10,500000,5,50,0,0.2,2PL-NoWait,13438636,0.0012
64,10,500000,5,50,0,0.2,D2PL,11590315,0.0000
64,10,500000,5,50,0,0.6,Silo,9705344,0.0049
64,10,500000,5,50,0,0.6,2PL-NoWait,8699031,0.0081
64,10,500000,5,50,0,0.6,D2PL,11852111,0.0000
64,10,500000,5,50,0,0.8,Silo,2970584,0.0462
64,10,500000,5,50,0,0.8,2PL-NoWait,2275645,0.0785
64,10,500000,5,50,0,0.8,D2PL,4573397,0.0000
64,10,500000,5,50,0,0.9,Silo,1654616,0.1759
64,10,500000,5,50,0,0.9,2PL-NoWait,1170309,0.3423
64,10,500000,5,50,0,0.9,D2PL,2121498,0.0000
64,10,500000,5,50,0,0.95,Silo,1314652,0.3266
64,10,500000,5,50,0,0.95,2PL-NoWait,910502,0.3904
64,10,500000,5,50,0,0.95,D2PL,1423003,0.0000
64,10,500000,5,50,0,0.99,Silo,1151293,0.4864
64,10,500000,5,50,0,0.99,2PL-NoWait,776128,0.4957
64,10,500000,5,50,0,0.99,D2PL,1249356,0.0000
64,10,500000,5,95,0,0,Silo,16419340,0.0001
64,10,500000,5,95,0,0,2PL-NoWait,15553877,0.0002
64,10,500000,5,95,0,0,D2PL,13295579,0.0000
64,10,500000,5,95,0,0.2,Silo,16588818,0.0001
64,10,500000,5,95,0,0.2,2PL-NoWait,15429679,0.0002
64,10,500000,5,95,0,0.2,D2PL,13332305,0.0000
64,10,500000,5,95,0,0.6,Silo,17512908,0.0006
64,10,500000,5,95,0,0.6,2PL-NoWait,15110011,0.0016
64,10,500000,5,95,0,0.6,D2PL,14433708,0.0000
64,10,500000,5,95,0,0.8,Silo,9993352,0.0074
64,10,500000,5,95,0,0.8,2PL-NoWait,6489193,0.0168
64,10,500000,5,95,0,0.8,D2PL,11998112,0.0000
64,10,500000,5,95,0,0.9,Silo,5889282,0.0184
64,10,500000,5,95,0,0.9,2PL-NoWait,3351297,0.0440
64,10,500000,5,95,0,0.9,D2PL,5541472,0.0000
64,10,500000,5,95,0,0.95,Silo,4717856,0.0293
64,10,500000,5,95,0,0.95,2PL-NoWait,2526405,0.0585
64,10,500000,5,95,0,0.95,D2PL,4017875,0.0000
64,10,500000,5,95,0,0.99,Silo,3997762,0.0421
64,10,500000,5,95,0,0.99,2PL-NoWait,2070233,0.0857
64,10,500000,5,95,0,0.99,D2PL,3184902,0.0000
64,10,500000,10,50,0,0,Silo,5975014,0.0025
64,10,500000,10,50,0,0,2PL-NoWait,6099637,0.0045
64,10,500000,10,50,0,0,D2PL,5514079,0.0000
64,10,500000,10,50,0,0.2,Silo,5974726,0.0027
64,10,500000,10,50,0,0.2,2PL-NoWait,6089442,0.0046
64,10,500000,10,50,0,0.2,D2PL,5560042,0.0000
64,10,500000,10,50,0,0.6,Silo,3691536,0.0176
64,10,500000,10,50,0,0.6,2PL-NoWait,3265825,0.0294
64,10,500000,10,50,0,0.6,D2PL,5293016,0.0000
64,10,500000,10,50,0,0.8,Silo,1040488,0.1540
64,10,500000,10,50,0,0.8,2PL-NoWait,770972,0.3225
64,10,500000,10,50,0,0.8,D2PL,1056700,0.0000
64,10,500000,10,50,0,0.9,Silo,624975,0.4988
64,10,500000,10,50,0,0.9,2PL-NoWait,417550,0.5925
64,10,500000,10,50,0,0.9,D2PL,479236,0.0000
64,10,500000,10,50,0,0.95,Silo,494655,0.6577
64,10,500000,10,50,0,0.95,2PL-NoWait,326760,0.6758
64,10,500000,10,50,0,0.95,D2PL,382768,0.0000
64,10,500000,10,50,0,0.99,Silo,401452,0.7164
64,10,500000,10,50,0,0.99,2PL-NoWait,278048,0.7177
64,10,500000,10,50,0,0.99,D2PL,292599,0.0000
64,10,500000,10,95,0,0,Silo,8083996,0.0003
64,10,500000,10,95,0,0,2PL-NoWait,7608080,0.0007
64,10,500000,10,95,0,0,D2PL,6519100,0.0000
64,10,500000,10,95,0,0.2,Silo,8187137,0.0003
64,10,500000,10,95,0,0.2,2PL-NoWait,7679551,0.0007
64,10,500000,10,95,0,0.2,D2PL,6484508,0.0000
64,10,500000,10,95,0,0.6,Silo,7936632,0.0026
64,10,500000,10,95,0,0.6,2PL-NoWait,6634131,0.0215
64,10,500000,10,95,0,0.6,D2PL,6902738,0.0000
64,10,500000,10,95,0,0.8,Silo,3611433,0.0247
64,10,500000,10,95,0,0.8,2PL-NoWait,2251958,0.0556
64,10,500000,10,95,0,0.8,D2PL,3561716,0.0000
64,10,500000,10,95,0,0.9,Silo,2181748,0.0653
64,10,500000,10,95,0,0.9,2PL-NoWait,1161229,0.1344
64,10,500000,10,95,0,0.9,D2PL,1751558,0.0000
64,10,500000,10,95,0,0.95,Silo,1801866,0.1115
64,10,500000,10,95,0,0.95,2PL-NoWait,868140,0.1829
64,10,500000,10,95,0,0.95,D2PL,1323443,0.0000
64,10,500000,10,95,0,0.99,Silo,1679707,0.1771
64,10,500000,10,95,0,0.99,2PL-NoWait,737221,0.2355
64,10,500000,10,95,0,0.99,D2PL,1029265,0.0000
64,10,500000,15,50,0,0,Silo,3676331,0.0056
64,10,500000,15,50,0,0,2PL-NoWait,3712871,0.0097
64,10,500000,15,50,0,0,D2PL,3442369,0.0000
64,10,500000,15,50,0,0.2,Silo,3662927,0.0059
64,10,500000,15,50,0,0.2,2PL-NoWait,3670400,0.0101
64,10,500000,15,50,0,0.2,D2PL,3380312,0.0000
64,10,500000,15,50,0,0.6,Silo,2040957,0.0360
64,10,500000,15,50,0,0.6,2PL-NoWait,1746741,0.0586
64,10,500000,15,50,0,0.6,D2PL,2847089,0.0000
64,10,500000,15,50,0,0.8,Silo,577692,0.3072
64,10,500000,15,50,0,0.8,2PL-NoWait,395030,0.4685
64,10,500000,15,50,0,0.8,D2PL,463490,0.0000
64,10,500000,15,50,0,0.9,Silo,341560,0.6926
64,10,500000,15,50,0,0.9,2PL-NoWait,215812,0.7490
64,10,500000,15,50,0,0.9,D2PL,219250,0.0000
64,10,500000,15,50,0,0.95,Silo,257426,0.7736
64,10,500000,15,50,0,0.95,2PL-NoWait,169498,0.7787
64,10,500000,15,50,0,0.95,D2PL,154723,0.0000
64,10,500000,15,50,0,0.99,Silo,210152,0.7987
64,10,500000,15,50,0,0.99,2PL-NoWait,148275,0.7696
64,10,500000,15,50,0,0.99,D2PL,144427,0.0000
64,10,500000,15,95,0,0,Silo,5301669,0.0006
64,10,500000,15,95,0,0,2PL-NoWait,4910435,0.0015
64,10,500000,15,95,0,0,D2PL,4083942,0.0000
64,10,500000,15,95,0,0.2,Silo,5269681,0.0007
64,10,500000,15,95,0,0.2,2PL-NoWait,4921460,0.0017
64,10,500000,15,95,0,0.2,D2PL,4163527,0.0000
64,10,500000,15,95,0,0.6,Silo,4901695,0.0058
64,10,500000,15,95,0,0.6,2PL-NoWait,3929002,0.0139
64,10,500000,15,95,0,0.6,D2PL,4354254,0.0000
64,10,500000,15,95,0,0.8,Silo,2023196,0.0497
64,10,500000,15,95,0,0.8,2PL-NoWait,1174124,0.1175
64,10,500000,15,95,0,0.8,D2PL,1578193,0.0000
64,10,500000,15,95,0,0.9,Silo,1251341,0.1370
64,10,500000,15,95,0,0.9,2PL-NoWait,423138,0.7928
64,10,500000,15,95,0,0.9,D2PL,774941,0.0000
64,10,500000,15,95,0,0.95,Silo,1096716,0.2311
64,10,500000,15,95,0,0.95,2PL-NoWait,455965,0.3219
64,10,500000,15,95,0,0.95,D2PL,574542,0.0000
64,10,500000,15,95,0,0.99,Silo,1038292,0.3382
64,10,500000,15,95,0,0.99,2PL-NoWait,385599,0.4143
64,10,500000,15,95,0,0.99,D2PL,514967,0.0000
64,10,100000,5,50,0,0,Silo,13714163,0.0023
64,10,100000,5,50,0,0,2PL-NoWait,13004892,0.0038
64,10,100000,5,50,0,0,D2PL,13925971,0.0000
64,10,100000,5,50,0,0.2,Silo,13611782,0.0024
64,10,100000,5,50,0,0.2,2PL-NoWait,12756134,0.0040
64,10,100000,5,50,0,0.2,D2PL,13902921,0.0000
64,10,100000,5,50,0,0.6,Silo,7260398,0.0112
64,10,100000,5,50,0,0.6,2PL-NoWait,5992415,0.0282
64,10,100000,5,50,0,0.6,D2PL,12475822,0.0000
64,10,100000,5,50,0,0.8,Silo,2396276,0.0771
64,10,100000,5,50,0,0.8,2PL-NoWait,1770346,0.1419
64,10,100000,5,50,0,0.8,D2PL,3446204,0.0000
64,10,100000,5,50,0,0.9,Silo,1497882,0.2771
64,10,100000,5,50,0,0.9,2PL-NoWait,1073114,0.3535
64,10,100000,5,50,0,0.9,D2PL,1755256,0.0000
64,10,100000,5,50,0,0.95,Silo,1255657,0.4466
64,10,100000,5,50,0,0.95,2PL-NoWait,877735,0.4775
64,10,100000,5,50,0,0.95,D2PL,1485441,0.0000
64,10,100000,5,50,0,0.99,Silo,1008821,0.5175
64,10,100000,5,50,0,0.99,2PL-NoWait,733356,0.5731
64,10,100000,5,50,0,0.99,D2PL,1122389,0.0000
64,10,100000,5,95,0,0,Silo,26193777,0.0003
64,10,100000,5,95,0,0,2PL-NoWait,21882001,0.0007
64,10,100000,5,95,0,0,D2PL,18064632,0.0000
64,10,100000,5,95,0,0.2,Silo,26299107,0.0003
64,10,100000,5,95,0,0.2,2PL-NoWait,21820535,0.0008
64,10,100000,5,95,0,0.2,D2PL,18196250,0.0000
64,10,100000,5,95,0,0.6,Silo,21397554,0.0017
64,10,100000,5,95,0,0.6,2PL-NoWait,14935040,0.0039
64,10,100000,5,95,0,0.6,D2PL,18372293,0.0000
64,10,100000,5,95,0,0.8,Silo,9330730,0.0101
64,10,100000,5,95,0,0.8,2PL-NoWait,5323979,0.0238
64,10,100000,5,95,0,0.8,D2PL,9040886,0.0000
64,10,100000,5,95,0,0.9,Silo,5788767,0.0234
64,10,100000,5,95,0,0.9,2PL-NoWait,3017945,0.0512
64,10,100000,5,95,0,0.9,D2PL,4962090,0.0000
64,10,100000,5,95,0,0.95,Silo,4730732,0.0371
64,10,100000,5,95,0,0.95,2PL-NoWait,2359237,0.0727
64,10,100000,5,95,0,0.95,D2PL,3612787,0.0000
64,10,100000,5,95,0,0.99,Silo,4336113,0.0597
64,10,100000,5,95,0,0.99,2PL-NoWait,1992017,0.0965
64,10,100000,5,95,0,0.99,D2PL,3201828,0.0000
64,10,100000,10,50,0,0,Silo,5468014,0.0087
64,10,100000,10,50,0,0,2PL-NoWait,5122409,0.0131
64,10,100000,10,50,0,0,D2PL,6679101,0.0000
64,10,100000,10,50,0,0.2,Silo,5371994,0.0091
64,10,100000,10,50,0,0.2,2PL-NoWait,5030615,0.0179
64,10,100000,10,50,0,0.2,D2PL,6510673,0.0000
64,10,100000,10,50,0,0.6,Silo,2508903,0.0368
64,10,100000,10,50,0,0.6,2PL-NoWait,2118032,0.0580
64,10,100000,10,50,0,0.6,D2PL,4239970,0.0000
64,10,100000,10,50,0,0.8,Silo,854984,0.2792
64,10,100000,10,50,0,0.8,2PL-NoWait,627493,0.4804
64,10,100000,10,50,0,0.8,D2PL,836691,0.0000
64,10,100000,10,50,0,0.9,Silo,562941,0.6136
64,10,100000,10,50,0,0.9,2PL-NoWait,380854,0.6744
64,10,100000,10,50,0,0.9,D2PL,438660,0.0000
64,10,100000,10,50,0,0.95,Silo,433522,0.6933
64,10,100000,10,50,0,0.95,2PL-NoWait,307524,0.6940
64,10,100000,10,50,0,0.95,D2PL,368540,0.0000
64,10,100000,10,50,0,0.99,Silo,365563,0.7209
64,10,100000,10,50,0,0.99,2PL-NoWait,269633,0.8006
64,10,100000,10,50,0,0.99,D2PL,289672,0.0000
64,10,100000,10,95,0,0,Silo,12203588,0.0011
64,10,100000,10,95,0,0,2PL-NoWait,9828505,0.0025
64,10,100000,10,95,0,0,D2PL,8551571,0.0000
64,10,100000,10,95,0,0.2,Silo,12153876,0.0012
64,10,100000,10,95,0,0.2,2PL-NoWait,9785030,0.0027
64,10,100000,10,95,0,0.2,D2PL,8698156,0.0000
64,10,100000,10,95,0,0.6,Silo,8487704,0.0063
64,10,100000,10,95,0,0.6,2PL-NoWait,5790753,0.0137
64,10,100000,10,95,0,0.6,D2PL,8492946,0.0000
64,10,100000,10,95,0,0.8,Silo,3289657,0.0334
64,10,100000,10,95,0,0.8,2PL-NoWait,1859221,0.0820
64,10,100000,10,95,0,0.8,D2PL,2946030,0.0000
64,10,100000,10,95,0,0.9,Silo,2158588,0.0875
64,10,100000,10,95,0,0.9,2PL-NoWait,1064808,0.1602
64,10,100000,10,95,0,0.9,D2PL,1688373,0.0000
64,10,100000,10,95,0,0.95,Silo,1901061,0.1512
64,10,100000,10,95,0,0.95,2PL-NoWait,847781,0.2265
64,10,100000,10,95,0,0.95,D2PL,1224200,0.0000
64,10,100000,10,95,0,0.99,Silo,1788178,0.2315
64,10,100000,10,95,0,0.99,2PL-NoWait,727489,0.2910
64,10,100000,10,95,0,0.99,D2PL,1083688,0.0000
64,10,100000,15,50,0,0,Silo,3105135,0.0182
64,10,100000,15,50,0,0,2PL-NoWait,2833246,0.0298
64,10,100000,15,50,0,0,D2PL,4097570,0.0000
64,10,100000,15,50,0,0.2,Silo,3046919,0.0190
64,10,100000,15,50,0,0.2,2PL-NoWait,2829701,0.0298
64,10,100000,15,50,0,0.2,D2PL,4152857,0.0000
64,10,100000,15,50,0,0.6,Silo,1360451,0.0751
64,10,100000,15,50,0,0.6,2PL-NoWait,1111066,0.1321
64,10,100000,15,50,0,0.6,D2PL,1794658,0.0000
64,10,100000,15,50,0,0.8,Silo,492745,0.5214
64,10,100000,15,50,0,0.8,2PL-NoWait,218184,0.9730
64,10,100000,15,50,0,0.8,D2PL,348524,0.0000
64,10,100000,15,50,0,0.9,Silo,293931,0.7543
64,10,100000,15,50,0,0.9,2PL-NoWait,199469,0.7680
64,10,100000,15,50,0,0.9,D2PL,195498,0.0000
64,10,100000,15,50,0,0.95,Silo,229241,0.7889
64,10,100000,15,50,0,0.95,2PL-NoWait,165119,0.7763
64,10,100000,15,50,0,0.95,D2PL,167725,0.0000
64,10,100000,15,50,0,0.99,Silo,197146,0.7905
64,10,100000,15,50,0,0.99,2PL-NoWait,153168,0.7579
64,10,100000,15,50,0,0.99,D2PL,147287,0.0000
64,10,100000,15,95,0,0,Silo,7558951,0.0025
64,10,100000,15,95,0,0,2PL-NoWait,5994764,0.0057
64,10,100000,15,95,0,0,D2PL,5466643,0.0000
64,10,100000,15,95,0,0.2,Silo,7562115,0.0027
64,10,100000,15,95,0,0.2,2PL-NoWait,5910803,0.0060
64,10,100000,15,95,0,0.2,D2PL,5480135,0.0000
64,10,100000,15,95,0,0.6,Silo,4815681,0.0130
64,10,100000,15,95,0,0.6,2PL-NoWait,3186243,0.0297
64,10,100000,15,95,0,0.6,D2PL,5170485,0.0000
64,10,100000,15,95,0,0.8,Silo,1808959,0.0674
64,10,100000,15,95,0,0.8,2PL-NoWait,951968,0.1415
64,10,100000,15,95,0,0.8,D2PL,1342177,0.0000
64,10,100000,15,95,0,0.9,Silo,1278203,0.1856
64,10,100000,15,95,0,0.9,2PL-NoWait,550775,0.2959
64,10,100000,15,95,0,0.9,D2PL,747991,0.0000
64,10,100000,15,95,0,0.95,Silo,1141603,0.3010
64,10,100000,15,95,0,0.95,2PL-NoWait,447438,0.4396
64,10,100000,15,95,0,0.95,D2PL,622578,0.0000
64,10,100000,15,95,0,0.99,Silo,1108237,0.4159
64,10,100000,15,95,0,0.99,2PL-NoWait,382581,0.4492
64,10,100000,15,95,0,0.99,D2PL,498448,0.0000
